{"ratio": [], "shift": [["JOUER DANS,ACTEUR", 0], ["JOUER DANS,FILM", 0], ["ILLUSTRER,AFFICHE", 0], ["ILLUSTRER,FILM", 0]], "colors": [["annotation_color", "#762a83"], ["annotation_text_color", "#f7f7f7"], ["association_attribute_text_color", "#000000"], ["association_cartouche_color", "#c2a5cf"], ["association_cartouche_text_color", "#000000"], ["association_color", "#e7d4e8"], ["association_stroke_color", "#9970ab"], ["background_color", "#f7f7f7"], ["card_text_color", "#1b7837"], ["entity_attribute_text_color", "#000000"], ["entity_cartouche_color", "#a6dba0"], ["entity_cartouche_text_color", "#000000"], ["entity_color", "#d9f0d3"], ["entity_stroke_color", "#5aae61"], ["leg_stroke_color", "#9970ab"], ["transparent_color", "none"]], "cy": [["ACTEUR", 51], ["JOUER DANS", 51], ["FILM", 51], ["ILLUSTRER", 51], ["AFFICHE", 51]], "cx": [["ACTEUR", 43], ["JOUER DANS", 156], ["FILM", 262], ["ILLUSTRER", 362], ["AFFICHE", 474]], "size": [522, 102]}